District,Category,Year,Total Enrollment,#Grade 9,#Grade 10,#Grade 11,#Grade 12,#Female,%Female,#Male,%Male,#Asian,%Asian,#Black,%Black,#Hispanic,%Hispanic,#Other,%Other,#White,%White,#ELL Spanish,%ELL Spanish,#ELL Chinese,%ELL Chinese,#ELL Bengali,%ELL Bengali,#ELL Arabic,%ELL Arabic,#ELL Haitian Creole,%ELL Haitian Creole,#ELL French,%ELL French,#ELL Russian,%ELL Russian,#ELL Korean,%ELL Korean,#ELL Urdu,%ELL Urdu,#ELL Other,%ELL Other,ELA #Test Takers,ELA #Level 1,ELA %Level 1,ELA #Level 2,ELA %Level 2,ELA #Level 3,ELA %Level 3,ELA #Level 4,ELA %Level 4,ELA #L3+L4,ELA %L3+L4,Math #Test Takers,Math #Level 1,Math %Level 1,Math #Level 2,Math %Level 2,Math #Level 3,Math %Level 3,Math #Level 4,Math %Level 4,Math #L3+L4,Math %L3+L4
1,All Students,2016-17,3301,675,988,817,821,1676,50.8%,1625,49.2%,904,27.4%,661,20,1179,35.7%,58,1.8%,499,15.1%,No Data,No Data,No Data,No Data,No Data,No Data,No Data,No Data,No Data,No Data,No Data,No Data,No Data,No Data,No Data,No Data,No Data,No Data,No Data,No Data,527,62,11.8%,158,30,177,33.6%,130,24.7%,307,58.3%,356,89,25,106,29.8%,79,22.2%,82,23.0%,161,45.2%
1,English Language Learners,2016-17,488,30,268,120,70,205,42.0%,283,58.0%,327,67.0%,26,5.3,134,27.5%,s,s,s,s,140,28.7%,294,60.2%,18,3.7%,s,s,6,1.2%,8,1.6%,s,s,s,s,s,s,14,2.9%,22,15,68.2%,7,31.8,s,s,s,s,s,s,22,15,68.2,s,s,s,s,s,s,s,s
1,Enrolled over the Counter,2016-17,558,67,294,124,73,274,49.1%,284,50.9%,185,33.2%,135,24.2,208,37.3%,s,s,s,s,No Data,No Data,No Data,No Data,No Data,No Data,No Data,No Data,No Data,No Data,No Data,No Data,No Data,No Data,No Data,No Data,No Data,No Data,No Data,No Data,12,6,50.0%,s,,s,s,s,s,s,s,11,s,,s,s,s,s,s,s,s,s
1,Receive free or reduced price lunch,2016-17,2358,432,747,585,594,1169,49.6%,1189,50.4%,773,32.8%,500,21.2,957,40.6%,24,1.0%,104,4.4%,No Data,No Data,No Data,No Data,No Data,No Data,No Data,No Data,No Data,No Data,No Data,No Data,No Data,No Data,No Data,No Data,No Data,No Data,No Data,No Data,334,53,15.9%,114,34.1,115,34.4%,52,15.6%,167,50.0%,266,78,29.3,83,31.2%,61,22.9%,44,16.5%,105,39.5%
1,Reside in temporary housing,2016-17,274,49,96,74,55,137,50.0%,137,50.0%,105,38.3%,58,21.2,101,36.9%,s,s,s,s,No Data,No Data,No Data,No Data,No Data,No Data,No Data,No Data,No Data,No Data,No Data,No Data,No Data,No Data,No Data,No Data,No Data,No Data,No Data,No Data,33,s,s,s,,11,33.3%,s,s,s,s,28,9,32.1,9,32.1%,s,s,s,s,s,s
1,Students with Disabilities,2016-17,437,129,104,94,110,145,33.2%,292,66.8%,52,11.9%,110,25.2,249,57.0%,s,s,s,s,No Data,No Data,No Data,No Data,No Data,No Data,No Data,No Data,No Data,No Data,No Data,No Data,No Data,No Data,No Data,No Data,No Data,No Data,No Data,No Data,84,41,48.8%,31,36.9,s,s,s,s,s,s,76,46,60.5,23,30.3%,s,s,s,s,s,s
2,All Students,2016-17,36299,10188,9404,8654,8053,19841,54.7%,16457,45.3%,6393,17.6%,8040,22.1,16248,44.8%,1211,3.3%,4407,12.1%,No Data,No Data,No Data,No Data,No Data,No Data,No Data,No Data,No Data,No Data,No Data,No Data,No Data,No Data,No Data,No Data,No Data,No Data,No Data,No Data,7594,1233,16.2%,2721,35.8,2256,29.7%,1384,18.2%,3640,47.9%,6250,2126,34,2219,35.5%,1057,16.9%,848,13.6%,1905,30.5%
2,English Language Learners,2016-17,3416,1140,1166,728,382,1469,43.0%,1947,57.0%,614,18.0%,385,11.3,2197,64.3%,28,0.8%,192,5.6%,2198,64.3%,381,11.2%,103,3.0%,186,5.4%,59,1.7%,187,5.5%,26,0.8%,s,s,s,s,255,7.5%,540,403,74.6%,137,25.4,s,s,s,s,s,s,609,408,67,155,25.5%,23,3.8%,23,3.8%,46,7.6%
2,Enrolled over the Counter,2016-17,2690,736,737,645,572,1379,51.3%,1311,48.7%,289,10.7%,796,29.6,1219,45.3%,51,1.9%,335,12.5%,No Data,No Data,No Data,No Data,No Data,No Data,No Data,No Data,No Data,No Data,No Data,No Data,No Data,No Data,No Data,No Data,No Data,No Data,No Data,No Data,75,25,33.3%,28,37.3,16,21.3%,6,8.0%,22,29.3%,70,40,57.1,17,24.3%,s,s,s,s,s,s
2,Receive free or reduced price lunch,2016-17,26241,7661,6926,6060,5594,14582,55.6%,11659,44.4%,4482,17.1%,6238,23.8,13489,51.4%,579,2.2%,1453,5.5%,No Data,No Data,No Data,No Data,No Data,No Data,No Data,No Data,No Data,No Data,No Data,No Data,No Data,No Data,No Data,No Data,No Data,No Data,No Data,No Data,5769,1112,19.3%,2277,39.5,1613,28.0%,767,13.3%,2380,41.3%,4989,1882,37.7,1821,36.5%,735,14.7%,551,11.0%,1286,25.8%
2,Reside in temporary housing,2016-17,2753,930,775,581,467,1451,52.7%,1302,47.3%,380,13.8%,752,27.3,1439,52.3%,37,1.3%,145,5.3%,No Data,No Data,No Data,No Data,No Data,No Data,No Data,No Data,No Data,No Data,No Data,No Data,No Data,No Data,No Data,No Data,No Data,No Data,No Data,No Data,599,191,31.9%,232,38.7,134,22.4%,42,7.0%,176,29.4%,562,272,48.4,176,31.3%,74,13.2%,40,7.1%,114,20.3%
2,Students with Disabilities,2016-17,5809,1969,1569,1245,1026,2403,41.4%,3406,58.6%,315,5.4%,1601,27.6,3158,54.4%,150,2.6%,585,10.1%,No Data,No Data,No Data,No Data,No Data,No Data,No Data,No Data,No Data,No Data,No Data,No Data,No Data,No Data,No Data,No Data,No Data,No Data,No Data,No Data,1371,593,43.3%,581,42.4,172,12.5%,25,1.8%,197,14.4%,1276,820,64.3,359,28.1%,79,6.2%,18,1.4%,97,7.6%
3,All Students,2016-17,8944,2284,2501,2123,2036,5315,59.4%,3628,40.6%,874,9.8%,2071,23.2,3335,37.3%,453,5.1%,2211,24.7%,No Data,No Data,No Data,No Data,No Data,No Data,No Data,No Data,No Data,No Data,No Data,No Data,No Data,No Data,No Data,No Data,No Data,No Data,No Data,No Data,1744,200,11.5%,447,25.6,562,32.2%,535,30.7%,1097,62.9%,1187,352,29.7,371,31.3%,259,21.8%,205,17.3%,464,39.1%
3,English Language Learners,2016-17,379,118,133,72,56,141,37.2%,238,62.8%,24,6.3%,60,15.8,281,74.1%,s,s,s,s,281,74.1%,7,1.8%,14,3.7%,19,5.0%,s,s,26,6.9%,s,s,s,s,s,s,25,6.6%,77,60,77.9%,17,22.1,s,s,s,s,s,s,84,57,67.9,24,28.6%,s,s,s,s,s,s
3,Enrolled over the Counter,2016-17,613,105,234,162,112,312,50.9%,300,48.9%,s,s,220,35.9,317,51.7%,s,s,58,9.5%,No Data,No Data,No Data,No Data,No Data,No Data,No Data,No Data,No Data,No Data,No Data,No Data,No Data,No Data,No Data,No Data,No Data,No Data,No Data,No Data,27,8,29.6%,10,37,s,s,s,s,s,s,21,9,42.9,7,33.3%,s,s,s,s,s,s
3,Receive free or reduced price lunch,2016-17,4918,1219,1428,1140,1131,2767,56.3%,2151,43.7%,458,9.3%,1490,30.3,2545,51.7%,108,2.2%,317,6.4%,No Data,No Data,No Data,No Data,No Data,No Data,No Data,No Data,No Data,No Data,No Data,No Data,No Data,No Data,No Data,No Data,No Data,No Data,No Data,No Data,987,178,18.0%,350,35.5,282,28.6%,177,17.9%,459,46.5%,806,316,39.2,262,32.5%,127,15.8%,101,12.5%,228,28.3%
3,Reside in temporary housing,2016-17,497,151,156,103,87,270,54.3%,227,45.7%,27,5.4%,201,40.4,245,49.3%,7,1.4%,17,3.4%,No Data,No Data,No Data,No Data,No Data,No Data,No Data,No Data,No Data,No Data,No Data,No Data,No Data,No Data,No Data,No Data,No Data,No Data,No Data,No Data,108,30,27.8%,37,34.3,28,25.9%,13,12.0%,41,38.0%,98,40,40.8,37,37.8%,13,13.3%,8,8.2%,21,21.4%
3,Students with Disabilities,2016-17,1219,325,370,262,262,463,38.0%,756,62.0%,43,3.5%,380,31.2,616,50.5%,29,2.4%,151,12.4%,No Data,No Data,No Data,No Data,No Data,No Data,No Data,No Data,No Data,No Data,No Data,No Data,No Data,No Data,No Data,No Data,No Data,No Data,No Data,No Data,218,96,44.0%,75,34.4,38,17.4%,9,4.1%,47,21.6%,196,123,62.8,51,26.0%,s,s,s,s,s,s
4,All Students,2016-17,3685,974,926,900,885,2056,55.8%,1629,44.2%,419,11.4%,814,22.1,2222,60.3%,76,2.1%,154,4.2%,No Data,No Data,No Data,No Data,No Data,No Data,No Data,No Data,No Data,No Data,No Data,No Data,No Data,No Data,No Data,No Data,No Data,No Data,No Data,No Data,859,154,17.9%,259,30.2,305,35.5%,141,16.4%,446,51.9%,716,237,33.1,211,29.5%,162,22.6%,106,14.8%,268,37.4%
4,English Language Learners,2016-17,263,114,71,45,33,127,48.3%,136,51.7%,13,4.9%,10,3.8,232,88.2%,s,s,s,s,236,89.7%,s,s,8,3.0%,10,3.8%,s,s,s,s,s,s,s,s,s,s,s,s,89,71,79.8%,18,20.2,s,s,s,s,s,s,90,66,73.3,18,20.0%,s,s,s,s,s,s
4,Enrolled over the Counter,2016-17,156,62,53,31,10,86,55.1%,70,44.9%,s,s,27,17.3,97,62.2%,s,s,19,12.2%,No Data,No Data,No Data,No Data,No Data,No Data,No Data,No Data,No Data,No Data,No Data,No Data,No Data,No Data,No Data,No Data,No Data,No Data,No Data,No Data,23,6,26.1%,14,60.9,s,s,s,s,s,s,20,12,60,6,30.0%,s,s,s,s,s,s
4,Receive free or reduced price lunch,2016-17,3132,835,804,759,734,1753,56.0%,1379,44.0%,362,11.6%,673,21.5,1939,61.9%,51,1.6%,107,3.4%,No Data,No Data,No Data,No Data,No Data,No Data,No Data,No Data,No Data,No Data,No Data,No Data,No Data,No Data,No Data,No Data,No Data,No Data,No Data,No Data,746,142,19.0%,226,30.3,258,34.6%,120,16.1%,378,50.7%,627,218,34.8,183,29.2%,135,21.5%,91,14.5%,226,36.0%
4,Reside in temporary housing,2016-17,281,75,75,75,56,141,50.2%,140,49.8%,16,5.7%,62,22.1,190,67.6%,s,s,s,s,No Data,No Data,No Data,No Data,No Data,No Data,No Data,No Data,No Data,No Data,No Data,No Data,No Data,No Data,No Data,No Data,No Data,No Data,No Data,No Data,55,18,32.7%,13,23.6,15,27.3%,9,16.4%,24,43.6%,47,20,42.6,12,25.5%,7,14.9%,8,17.0%,15,31.9%
4,Students with Disabilities,2016-17,583,210,166,105,102,244,41.9%,339,58.1%,15,2.6%,159,27.3,388,66.6%,6,1.0%,15,2.6%,No Data,No Data,No Data,No Data,No Data,No Data,No Data,No Data,No Data,No Data,No Data,No Data,No Data,No Data,No Data,No Data,No Data,No Data,No Data,No Data,171,95,55.6%,63,36.8,s,s,s,s,s,s,165,129,78.2,29,17.6%,s,s,s,s,s,s
5,All Students,2016-17,3798,1096,947,859,896,1803,47.5%,1995,52.5%,271,7.1%,1864,49.1,1301,34.3%,116,3.1%,246,6.5%,No Data,No Data,No Data,No Data,No Data,No Data,No Data,No Data,No Data,No Data,No Data,No Data,No Data,No Data,No Data,No Data,No Data,No Data,No Data,No Data,874,198,22.7%,322,36.8,238,27.2%,116,13.3%,354,40.5%,689,348,50.5,222,32.2%,69,10.0%,50,7.3%,119,17.3%
5,English Language Learners,2016-17,194,61,59,39,35,94,48.5%,100,51.5%,16,8.2%,38,19.6,134,69.1%,s,s,s,s,134,69.1%,s,s,s,s,20,10.3%,s,s,12,6.2%,s,s,s,s,s,s,20,10.3%,33,26,78.8%,7,21.2,s,s,s,s,s,s,40,32,80,7,17.5%,s,s,s,s,s,s
5,Enrolled over the Counter,2016-17,328,90,103,85,50,165,50.3%,163,49.7%,s,s,195,59.5,109,33.2%,s,s,13,4.0%,No Data,No Data,No Data,No Data,No Data,No Data,No Data,No Data,No Data,No Data,No Data,No Data,No Data,No Data,No Data,No Data,No Data,No Data,No Data,No Data,18,s,s,8,44.4,7,38.9%,s,s,s,s,18,6,33.3,6,33.3%,s,s,s,s,s,s
5,Receive free or reduced price lunch,2016-17,2683,793,666,595,629,1321,49.2%,1362,50.8%,174,6.5%,1348,50.2,1055,39.3%,43,1.6%,63,2.3%,No Data,No Data,No Data,No Data,No Data,No Data,No Data,No Data,No Data,No Data,No Data,No Data,No Data,No Data,No Data,No Data,No Data,No Data,No Data,No Data,624,164,26.3%,251,40.2,153,24.5%,56,9.0%,209,33.5%,524,281,53.6,166,31.7%,49,9.4%,28,5.3%,77,14.7%
5,Reside in temporary housing,2016-17,352,113,100,70,69,182,51.7%,170,48.3%,s,s,207,58.8,123,34.9%,s,s,12,3.4%,No Data,No Data,No Data,No Data,No Data,No Data,No Data,No Data,No Data,No Data,No Data,No Data,No Data,No Data,No Data,No Data,No Data,No Data,No Data,No Data,80,26,32.5%,30,37.5,s,s,s,s,s,s,73,43,58.9,25,34.2%,s,s,s,s,s,s
5,Students with Disabilities,2016-17,639,245,152,125,117,201,31.5%,438,68.5%,7,1.1%,364,57,238,37.2%,10,1.6%,20,3.1%,No Data,No Data,No Data,No Data,No Data,No Data,No Data,No Data,No Data,No Data,No Data,No Data,No Data,No Data,No Data,No Data,No Data,No Data,No Data,No Data,180,113,62.8%,50,27.8,s,s,s,s,s,s,158,130,82.3,25,15.8%,s,s,s,s,s,s
6,All Students,2016-17,5717,1713,1572,1188,1244,2740,47.9%,2977,52.1%,110,1.9%,842,14.7,4612,80.7%,67,1.2%,86,1.5%,No Data,No Data,No Data,No Data,No Data,No Data,No Data,No Data,No Data,No Data,No Data,No Data,No Data,No Data,No Data,No Data,No Data,No Data,No Data,No Data,1106,324,29.3%,455,41.1,264,23.9%,63,5.7%,327,29.6%,1107,533,48.1,416,37.6%,132,11.9%,26,2.3%,158,14.3%
6,English Language Learners,2016-17,1563,492,508,309,254,692,44.3%,871,55.7%,11,0.7%,40,2.6,1485,95.0%,7,0.4%,20,1.3%,1463,93.6%,s,s,s,s,24,1.5%,s,s,14,0.9%,s,s,s,s,s,s,54,3.5%,227,193,85.0%,33,14.5,s,s,s,s,s,s,303,243,80.2,58,19.1%,s,s,s,s,s,s
6,Enrolled over the Counter,2016-17,616,160,178,81,197,304,49.4%,312,50.6%,s,s,63,10.2,534,86.7%,s,s,14,2.3%,No Data,No Data,No Data,No Data,No Data,No Data,No Data,No Data,No Data,No Data,No Data,No Data,No Data,No Data,No Data,No Data,No Data,No Data,No Data,No Data,23,11,47.8%,8,34.8,s,s,s,s,s,s,25,15,60,7,28.0%,s,s,s,s,s,s
6,Receive free or reduced price lunch,2016-17,4863,1487,1338,1027,1011,2318,47.7%,2545,52.3%,88,1.8%,695,14.3,3962,81.5%,51,1.0%,67,1.4%,No Data,No Data,No Data,No Data,No Data,No Data,No Data,No Data,No Data,No Data,No Data,No Data,No Data,No Data,No Data,No Data,No Data,No Data,No Data,No Data,979,294,30.0%,404,41.3,231,23.6%,50,5.1%,281,28.7%,986,483,49,371,37.6%,113,11.5%,19,1.9%,132,13.4%
6,Reside in temporary housing,2016-17,859,286,271,152,150,460,53.6%,399,46.4%,10,1.2%,116,13.5,721,83.9%,s,s,s,s,No Data,No Data,No Data,No Data,No Data,No Data,No Data,No Data,No Data,No Data,No Data,No Data,No Data,No Data,No Data,No Data,No Data,No Data,No Data,No Data,131,46,35.1%,55,42,s,s,s,s,s,s,147,77,52.4,55,37.4%,s,s,s,s,s,s
6,Students with Disabilities,2016-17,923,305,254,188,176,309,33.5%,614,66.5%,8,0.9%,167,18.1,726,78.7%,11,1.2%,11,1.2%,No Data,No Data,No Data,No Data,No Data,No Data,No Data,No Data,No Data,No Data,No Data,No Data,No Data,No Data,No Data,No Data,No Data,No Data,No Data,No Data,189,110,58.2%,68,36,s,s,s,s,s,s,180,146,81.1,29,16.1%,s,s,s,s,s,s
7,All Students,2016-17,7311,2003,2049,1573,1686,3275,44.8%,4036,55.2%,112,1.5%,1936,26.5,5079,69.5%,78,1.1%,106,1.4%,No Data,No Data,No Data,No Data,No Data,No Data,No Data,No Data,No Data,No Data,No Data,No Data,No Data,No Data,No Data,No Data,No Data,No Data,No Data,No Data,1427,489,34.3%,604,42.3,279,19.6%,55,3.9%,334,23.4%,1348,741,55,420,31.2%,138,10.2%,49,3.6%,187,13.9%
7,English Language Learners,2016-17,1147,385,407,210,145,423,36.9%,724,63.1%,32,2.8%,104,9.1,986,86.0%,7,0.6%,18,1.6%,988,86.1%,s,s,20,1.7%,34,3.0%,s,s,39,3.4%,s,s,s,s,s,s,66,5.8%,246,198,80.5%,48,19.5,s,s,s,s,s,s,267,218,81.6,47,17.6%,s,s,s,s,s,s
7,Enrolled over the Counter,2016-17,895,193,333,167,202,444,49.6%,451,50.4%,10,1.1%,279,31.2,582,65.0%,10,1.1%,14,1.6%,No Data,No Data,No Data,No Data,No Data,No Data,No Data,No Data,No Data,No Data,No Data,No Data,No Data,No Data,No Data,No Data,No Data,No Data,No Data,No Data,35,17,48.6%,10,28.6,s,s,s,s,s,s,30,23,76.7,s,s,s,s,s,s,s,s
7,Receive free or reduced price lunch,2016-17,6511,1852,1836,1425,1398,2956,45.4%,3555,54.6%,98,1.5%,1690,26,4564,70.1%,65,1.0%,94,1.4%,No Data,No Data,No Data,No Data,No Data,No Data,No Data,No Data,No Data,No Data,No Data,No Data,No Data,No Data,No Data,No Data,No Data,No Data,No Data,No Data,1347,470,34.9%,565,41.9,264,19.6%,48,3.6%,312,23.2%,1274,703,55.2,396,31.1%,129,10.1%,46,3.6%,175,13.7%
7,Reside in temporary housing,2016-17,876,307,253,162,154,426,48.6%,450,51.4%,18,2.1%,273,31.2,562,64.2%,7,0.8%,16,1.8%,No Data,No Data,No Data,No Data,No Data,No Data,No Data,No Data,No Data,No Data,No Data,No Data,No Data,No Data,No Data,No Data,No Data,No Data,No Data,No Data,200,99,49.5%,66,33,s,s,s,s,s,s,195,120,61.5,57,29.2%,s,s,s,s,s,s
7,Students with Disabilities,2016-17,1676,558,490,301,327,525,31.3%,1151,68.7%,9,0.5%,459,27.4,1170,69.8%,12,0.7%,26,1.6%,No Data,No Data,No Data,No Data,No Data,No Data,No Data,No Data,No Data,No Data,No Data,No Data,No Data,No Data,No Data,No Data,No Data,No Data,No Data,No Data,369,239,64.8%,112,30.4,s,s,s,s,s,s,356,276,77.5,70,19.7%,s,s,s,s,s,s
8,All Students,2016-17,7908,2191,2101,1712,1904,3787,47.9%,4121,52.1%,433,5.5%,2178,27.5,4728,59.8%,166,2.1%,403,5.1%,No Data,No Data,No Data,No Data,No Data,No Data,No Data,No Data,No Data,No Data,No Data,No Data,No Data,No Data,No Data,No Data,No Data,No Data,No Data,No Data,1425,519,36.4%,616,43.2,243,17.1%,47,3.3%,290,20.4%,1328,820,61.7,382,28.8%,100,7.5%,26,2.0%,126,9.5%
8,English Language Learners,2016-17,1124,375,324,250,175,478,42.5%,646,57.5%,128,11.4%,59,5.2,844,75.1%,22,2.0%,71,6.3%,849,75.5%,s,s,103,9.2%,93,8.3%,s,s,15,1.3%,s,s,s,s,s,s,54,4.8%,223,185,83.0%,37,16.6,s,s,s,s,s,s,230,190,82.6,36,15.7%,s,s,s,s,s,s
8,Enrolled over the Counter,2016-17,1152,289,299,221,343,600,52.1%,552,47.9%,70,6.1%,359,31.2,610,53.0%,35,3.0%,78,6.8%,No Data,No Data,No Data,No Data,No Data,No Data,No Data,No Data,No Data,No Data,No Data,No Data,No Data,No Data,No Data,No Data,No Data,No Data,No Data,No Data,73,30,41.1%,32,43.8,s,s,s,s,s,s,70,47,67.1,19,27.1%,s,s,s,s,s,s
8,Receive free or reduced price lunch,2016-17,7275,2047,1958,1607,1663,3540,48.7%,3735,51.3%,391,5.4%,1976,27.2,4419,60.7%,153,2.1%,336,4.6%,No Data,No Data,No Data,No Data,No Data,No Data,No Data,No Data,No Data,No Data,No Data,No Data,No Data,No Data,No Data,No Data,No Data,No Data,No Data,No Data,1358,499,36.7%,589,43.4,228,16.8%,42,3.1%,270,19.9%,1265,789,62.4,362,28.6%,92,7.3%,22,1.7%,114,9.0%
8,Reside in temporary housing,2016-17,925,302,252,207,164,446,48.2%,479,51.8%,61,6.6%,316,34.2,515,55.7%,10,1.1%,23,2.5%,No Data,No Data,No Data,No Data,No Data,No Data,No Data,No Data,No Data,No Data,No Data,No Data,No Data,No Data,No Data,No Data,No Data,No Data,No Data,No Data,178,76,42.7%,81,45.5,s,s,s,s,s,s,175,119,68,49,28.0%,s,s,s,s,s,s
8,Students with Disabilities,2016-17,1930,670,499,372,389,707,36.6%,1223,63.4%,32,1.7%,536,27.8,1267,65.6%,22,1.1%,73,3.8%,No Data,No Data,No Data,No Data,No Data,No Data,No Data,No Data,No Data,No Data,No Data,No Data,No Data,No Data,No Data,No Data,No Data,No Data,No Data,No Data,375,244,65.1%,116,30.9,s,s,s,s,s,s,362,309,85.4,46,12.7%,s,s,s,s,s,s
9,All Students,2016-17,8443,2384,2292,1901,1866,4208,49.8%,4235,50.2%,175,2.1%,2383,28.2,5695,67.5%,91,1.1%,99,1.2%,No Data,No Data,No Data,No Data,No Data,No Data,No Data,No Data,No Data,No Data,No Data,No Data,No Data,No Data,No Data,No Data,No Data,No Data,No Data,No Data,1580,527,33.4%,677,42.8,320,20.3%,56,3.5%,376,23.8%,1532,854,55.7,444,29.0%,159,10.4%,75,4.9%,234,15.3%
9,English Language Learners,2016-17,1943,603,604,435,301,896,46.1%,1047,53.9%,48,2.5%,191,9.8,1664,85.6%,13,0.7%,27,1.4%,1671,86.0%,s,s,43,2.2%,46,2.4%,s,s,88,4.5%,s,s,s,s,s,s,93,4.8%,273,224,82.1%,49,17.9,s,s,s,s,s,s,354,275,77.7,72,20.3%,s,s,s,s,s,s
9,Enrolled over the Counter,2016-17,767,345,251,135,36,392,51.1%,375,48.9%,22,2.9%,224,29.2,494,64.4%,6,0.8%,21,2.7%,No Data,No Data,No Data,No Data,No Data,No Data,No Data,No Data,No Data,No Data,No Data,No Data,No Data,No Data,No Data,No Data,No Data,No Data,No Data,No Data,49,24,49.0%,18,36.7,s,s,s,s,s,s,51,33,64.7,15,29.4%,s,s,s,s,s,s
9,Receive free or reduced price lunch,2016-17,7599,2173,2096,1696,1634,3866,50.9%,3733,49.1%,156,2.1%,2086,27.5,5196,68.4%,71,0.9%,90,1.2%,No Data,No Data,No Data,No Data,No Data,No Data,No Data,No Data,No Data,No Data,No Data,No Data,No Data,No Data,No Data,No Data,No Data,No Data,No Data,No Data,1454,487,33.5%,625,43,292,20.1%,50,3.4%,342,23.5%,1421,791,55.7,412,29.0%,150,10.6%,68,4.8%,218,15.3%
9,Reside in temporary housing,2016-17,1203,404,334,257,208,626,52.0%,577,48.0%,23,1.9%,350,29.1,809,67.2%,s,s,s,s,No Data,No Data,No Data,No Data,No Data,No Data,No Data,No Data,No Data,No Data,No Data,No Data,No Data,No Data,No Data,No Data,No Data,No Data,No Data,No Data,206,90,43.7%,70,34,s,s,s,s,s,s,232,145,62.5,65,28.0%,s,s,s,s,s,s
9,Students with Disabilities,2016-17,1839,628,504,357,350,666,36.2%,1173,63.8%,14,0.8%,548,29.8,1249,67.9%,13,0.7%,15,0.8%,No Data,No Data,No Data,No Data,No Data,No Data,No Data,No Data,No Data,No Data,No Data,No Data,No Data,No Data,No Data,No Data,No Data,No Data,No Data,No Data,406,258,63.5%,130,32,s,s,s,s,s,s,402,323,80.3,67,16.7%,s,s,s,s,s,s
10,All Students,2016-17,16461,4828,4225,3719,3689,7829,47.6%,8632,52.4%,2403,14.6%,3013,18.3,9138,55.5%,568,3.5%,1339,8.1%,No Data,No Data,No Data,No Data,No Data,No Data,No Data,No Data,No Data,No Data,No Data,No Data,No Data,No Data,No Data,No Data,No Data,No Data,No Data,No Data,3419,854,25.0%,1169,34.2,752,22.0%,644,18.8%,1396,40.8%,2760,1275,46.2,888,32.2%,269,9.7%,328,11.9%,597,21.6%
10,English Language Learners,2016-17,2967,926,790,691,560,1324,44.6%,1643,55.4%,111,3.7%,162,5.5,2607,87.9%,14,0.5%,73,2.5%,2604,87.8%,s,s,92,3.1%,84,2.8%,s,s,62,2.1%,s,s,s,s,8,0.3%,112,3.8%,438,357,81.5%,80,18.3,s,s,s,s,s,s,511,386,75.5,104,20.4%,s,s,s,s,s,s
10,Enrolled over the Counter,2016-17,1544,525,350,298,371,781,50.6%,763,49.4%,32,2.1%,247,16,1127,73.0%,66,4.3%,72,4.7%,No Data,No Data,No Data,No Data,No Data,No Data,No Data,No Data,No Data,No Data,No Data,No Data,No Data,No Data,No Data,No Data,No Data,No Data,No Data,No Data,47,19,40.4%,21,44.7,s,s,s,s,s,s,47,38,80.9,7,14.9%,s,s,s,s,s,s
10,Receive free or reduced price lunch,2016-17,12351,3805,3154,2750,2642,6002,48.6%,6349,51.4%,1487,12.0%,2450,19.8,7751,62.8%,259,2.1%,404,3.3%,No Data,No Data,No Data,No Data,No Data,No Data,No Data,No Data,No Data,No Data,No Data,No Data,No Data,No Data,No Data,No Data,No Data,No Data,No Data,No Data,2709,788,29.1%,1039,38.4,567,20.9%,315,11.6%,882,32.6%,2385,1175,49.3,788,33.0%,219,9.2%,203,8.5%,422,17.7%
10,Reside in temporary housing,2016-17,1706,622,466,357,261,870,51.0%,836,49.0%,79,4.6%,347,20.3,1222,71.6%,21,1.2%,37,2.2%,No Data,No Data,No Data,No Data,No Data,No Data,No Data,No Data,No Data,No Data,No Data,No Data,No Data,No Data,No Data,No Data,No Data,No Data,No Data,No Data,376,158,42.0%,137,36.4,63,16.8%,18,4.8%,81,21.5%,386,212,54.9,135,35.0%,28,7.3%,11,2.8%,39,10.1%
10,Students with Disabilities,2016-17,2634,979,714,494,447,928,35.2%,1706,64.8%,30,1.1%,593,22.5,1883,71.5%,34,1.3%,94,3.6%,No Data,No Data,No Data,No Data,No Data,No Data,No Data,No Data,No Data,No Data,No Data,No Data,No Data,No Data,No Data,No Data,No Data,No Data,No Data,No Data,652,386,59.2%,229,35.1,s,s,s,s,s,s,630,477,75.7,129,20.5%,s,s,s,s,s,s
11,All Students,2016-17,9098,2690,2493,1944,1971,4030,44.3%,5066,55.7%,485,5.3%,3561,39.1,4376,48.1%,182,2.0%,494,5.4%,No Data,No Data,No Data,No Data,No Data,No Data,No Data,No Data,No Data,No Data,No Data,No Data,No Data,No Data,No Data,No Data,No Data,No Data,No Data,No Data,1789,581,32.5%,786,43.9,358,20.0%,64,3.6%,422,23.6%,1738,948,54.5,572,32.9%,156,9.0%,62,3.6%,218,12.5%
11,English Language Learners,2016-17,1203,481,369,209,144,496,41.2%,707,58.8%,124,10.3%,111,9.2,842,70.0%,21,1.7%,105,8.7%,848,70.5%,s,s,64,5.3%,131,10.9%,s,s,51,4.2%,s,s,s,s,19,1.6%,84,7.0%,233,192,82.4%,41,17.6,s,s,s,s,s,s,288,231,80.2,51,17.7%,s,s,s,s,s,s
11,Enrolled over the Counter,2016-17,854,321,237,163,133,417,48.8%,437,51.2%,61,7.1%,378,44.3,325,38.1%,21,2.5%,69,8.1%,No Data,No Data,No Data,No Data,No Data,No Data,No Data,No Data,No Data,No Data,No Data,No Data,No Data,No Data,No Data,No Data,No Data,No Data,No Data,No Data,55,22,40.0%,21,38.2,s,s,s,s,s,s,50,30,60,14,28.0%,s,s,s,s,s,s
11,Receive free or reduced price lunch,2016-17,7396,2302,2012,1559,1523,3294,44.5%,4101,55.4%,414,5.6%,2708,36.6,3791,51.3%,134,1.8%,349,4.7%,No Data,No Data,No Data,No Data,No Data,No Data,No Data,No Data,No Data,No Data,No Data,No Data,No Data,No Data,No Data,No Data,No Data,No Data,No Data,No Data,1537,519,33.8%,672,43.7,297,19.3%,49,3.2%,346,22.5%,1506,840,55.8,486,32.3%,128,8.5%,52,3.5%,180,12.0%
11,Reside in temporary housing,2016-17,946,383,260,174,129,454,48.0%,492,52.0%,45,4.8%,359,37.9,504,53.3%,16,1.7%,22,2.3%,No Data,No Data,No Data,No Data,No Data,No Data,No Data,No Data,No Data,No Data,No Data,No Data,No Data,No Data,No Data,No Data,No Data,No Data,No Data,No Data,220,108,49.1%,81,36.8,s,s,s,s,s,s,236,150,63.6,75,31.8%,s,s,s,s,s,s
11,Students with Disabilities,2016-17,2012,743,644,314,311,645,32.1%,1367,67.9%,30,1.5%,752,37.4,1129,56.1%,23,1.1%,78,3.9%,No Data,No Data,No Data,No Data,No Data,No Data,No Data,No Data,No Data,No Data,No Data,No Data,No Data,No Data,No Data,No Data,No Data,No Data,No Data,No Data,465,287,61.7%,158,34,s,s,s,s,s,s,455,372,81.8,75,16.5%,s,s,s,s,s,s
14,Students with Disabilities,2016-17,1326,382,343,337,264,393,29.6%,933,70.4%,14,1.1%,451,34,796,60.0%,14,1.1%,51,3.8%,No Data,No Data,No Data,No Data,No Data,No Data,No Data,No Data,No Data,No Data,No Data,No Data,No Data,No Data,No Data,No Data,No Data,No Data,No Data,No Data,291,182,62.5%,93,32,s,s,s,s,s,s,277,214,77.3,53,19.1%,s,s,s,s,s,s
12,All Students,2016-17,6644,1752,1862,1544,1486,3187,48.0%,3457,52.0%,125,1.9%,1730,26,4619,69.5%,82,1.2%,88,1.3%,No Data,No Data,No Data,No Data,No Data,No Data,No Data,No Data,No Data,No Data,No Data,No Data,No Data,No Data,No Data,No Data,No Data,No Data,No Data,No Data,1105,466,42.2%,473,42.8,146,13.2%,20,1.8%,166,15.0%,1075,725,67.4,294,27.3%,46,4.3%,10,0.9%,56,5.2%
12,English Language Learners,2016-17,1579,468,497,391,223,735,46.5%,844,53.5%,52,3.3%,71,4.5,1430,90.6%,8,0.5%,18,1.1%,1428,90.4%,s,s,39,2.5%,39,2.5%,s,s,27,1.7%,s,s,s,s,s,s,43,2.7%,194,169,87.1%,25,12.9,s,s,s,s,s,s,243,214,88.1,28,11.5%,s,s,s,s,s,s
12,Enrolled over the Counter,2016-17,929,271,352,173,133,470,50.6%,459,49.4%,16,1.7%,257,27.7,623,67.1%,17,1.8%,16,1.7%,No Data,No Data,No Data,No Data,No Data,No Data,No Data,No Data,No Data,No Data,No Data,No Data,No Data,No Data,No Data,No Data,No Data,No Data,No Data,No Data,31,14,45.2%,11,35.5,s,s,s,s,s,s,28,19,67.9,8,28.6%,s,s,s,s,s,s
12,Receive free or reduced price lunch,2016-17,5888,1589,1666,1377,1256,2846,48.3%,3042,51.7%,107,1.8%,1473,25,4169,70.8%,63,1.1%,76,1.3%,No Data,No Data,No Data,No Data,No Data,No Data,No Data,No Data,No Data,No Data,No Data,No Data,No Data,No Data,No Data,No Data,No Data,No Data,No Data,No Data,1011,429,42.4%,436,43.1,128,12.7%,18,1.8%,146,14.4%,987,678,68.7,261,26.4%,39,4.0%,9,0.9%,48,4.9%
12,Reside in temporary housing,2016-17,918,276,277,205,160,468,51.0%,450,49.0%,21,2.3%,253,27.6,622,67.8%,7,0.8%,15,1.6%,No Data,No Data,No Data,No Data,No Data,No Data,No Data,No Data,No Data,No Data,No Data,No Data,No Data,No Data,No Data,No Data,No Data,No Data,No Data,No Data,145,79,54.5%,54,37.2,s,s,s,s,s,s,153,118,77.1,32,20.9%,s,s,s,s,s,s
12,Students with Disabilities,2016-17,1474,465,420,290,299,542,36.8%,932,63.2%,9,0.6%,453,30.7,990,67.2%,9,0.6%,13,0.9%,No Data,No Data,No Data,No Data,No Data,No Data,No Data,No Data,No Data,No Data,No Data,No Data,No Data,No Data,No Data,No Data,No Data,No Data,No Data,No Data,295,207,70.2%,79,26.8,s,s,s,s,s,s,286,254,88.8,29,10.1%,s,s,s,s,s,s
13,All Students,2016-17,11707,3143,3049,2666,2849,5309,45.3%,6397,54.6%,3779,32.3%,4646,39.7,1555,13.3%,300,2.6%,1427,12.2%,No Data,No Data,No Data,No Data,No Data,No Data,No Data,No Data,No Data,No Data,No Data,No Data,No Data,No Data,No Data,No Data,No Data,No Data,No Data,No Data,2672,293,11.0%,635,23.8,873,32.7%,871,32.6%,1744,65.3%,1964,496,25.3,453,23.1%,276,14.1%,739,37.6%,1015,51.7%
13,English Language Learners,2016-17,429,113,130,111,75,190,44.3%,239,55.7%,92,21.4%,83,19.3,189,44.1%,s,s,s,s,188,43.8%,27,6.3%,50,11.7%,56,13.1%,27,6.3%,24,5.6%,s,s,s,s,6,1.4%,49,11.4%,56,42,75.0%,14,25,s,s,s,s,s,s,74,46,62.2,22,29.7%,s,s,s,s,s,s
13,Enrolled over the Counter,2016-17,633,158,170,110,195,306,48.3%,327,51.7%,36,5.7%,396,62.6,154,24.3%,12,1.9%,35,5.5%,No Data,No Data,No Data,No Data,No Data,No Data,No Data,No Data,No Data,No Data,No Data,No Data,No Data,No Data,No Data,No Data,No Data,No Data,No Data,No Data,33,s,s,13,39.4,s,s,s,s,s,s,32,21,65.6,9,28.1%,s,s,s,s,s,s
13,Receive free or reduced price lunch,2016-17,8006,2165,2079,1811,1951,3828,47.8%,4178,52.2%,2789,34.8%,3372,42.1,1209,15.1%,142,1.8%,494,6.2%,No Data,No Data,No Data,No Data,No Data,No Data,No Data,No Data,No Data,No Data,No Data,No Data,No Data,No Data,No Data,No Data,No Data,No Data,No Data,No Data,1865,255,13.7%,502,26.9,592,31.7%,516,27.7%,1108,59.4%,1437,411,28.6,360,25.1%,196,13.6%,470,32.7%,666,46.3%
13,Reside in temporary housing,2016-17,530,157,169,100,104,287,54.2%,243,45.8%,78,14.7%,329,62.1,100,18.9%,s,s,s,s,No Data,No Data,No Data,No Data,No Data,No Data,No Data,No Data,No Data,No Data,No Data,No Data,No Data,No Data,No Data,No Data,No Data,No Data,No Data,No Data,121,34,28.1%,44,36.4,30,24.8%,13,10.7%,43,35.5%,105,51,48.6,30,28.6%,13,12.4%,11,10.5%,24,22.9%
13,Students with Disabilities,2016-17,1127,360,325,220,222,393,34.9%,734,65.1%,54,4.8%,750,66.5,257,22.8%,17,1.5%,49,4.3%,No Data,No Data,No Data,No Data,No Data,No Data,No Data,No Data,No Data,No Data,No Data,No Data,No Data,No Data,No Data,No Data,No Data,No Data,No Data,No Data,275,150,54.5%,92,33.5,27,9.8%,6,2.2%,33,12.0%,252,188,74.6,46,18.3%,s,s,s,s,s,s
14,All Students,2016-17,6822,1752,1791,1681,1598,2872,42.1%,3950,57.9%,445,6.5%,2177,31.9,3707,54.3%,188,2.8%,305,4.5%,No Data,No Data,No Data,No Data,No Data,No Data,No Data,No Data,No Data,No Data,No Data,No Data,No Data,No Data,No Data,No Data,No Data,No Data,No Data,No Data,1414,370,26.2%,623,44.1,298,21.1%,123,8.7%,421,29.8%,1236,580,46.9,446,36.1%,119,9.6%,91,7.4%,210,17.0%
14,English Language Learners,2016-17,699,201,241,133,124,275,39.3%,424,60.7%,s,s,28,4,620,88.7%,s,s,36,5.2%,623,89.1%,s,s,6,0.9%,31,4.4%,7,1.0%,s,s,s,s,s,s,s,s,24,3.4%,112,87,77.7%,25,22.3,s,s,s,s,s,s,136,113,83.1,22,16.2%,s,s,s,s,s,s
14,Enrolled over the Counter,2016-17,444,139,109,93,103,204,45.9%,240,54.1%,s,s,144,32.4,256,57.7%,s,s,33,7.4%,No Data,No Data,No Data,No Data,No Data,No Data,No Data,No Data,No Data,No Data,No Data,No Data,No Data,No Data,No Data,No Data,No Data,No Data,No Data,No Data,54,18,33.3%,26,48.1,s,s,s,s,s,s,49,32,65.3,15,30.6%,s,s,s,s,s,s
14,Receive free or reduced price lunch,2016-17,5312,1393,1401,1302,1216,2254,42.4%,3058,57.6%,295,5.6%,1682,31.7,3054,57.5%,113,2.1%,168,3.2%,No Data,No Data,No Data,No Data,No Data,No Data,No Data,No Data,No Data,No Data,No Data,No Data,No Data,No Data,No Data,No Data,No Data,No Data,No Data,No Data,1130,308,27.3%,523,46.3,224,19.8%,75,6.6%,299,26.5%,1000,488,48.8,366,36.6%,89,8.9%,57,5.7%,146,14.6%
14,Reside in temporary housing,2016-17,560,192,154,115,99,254,45.4%,306,54.6%,15,2.7%,217,38.7,309,55.2%,9,1.6%,10,1.8%,No Data,No Data,No Data,No Data,No Data,No Data,No Data,No Data,No Data,No Data,No Data,No Data,No Data,No Data,No Data,No Data,No Data,No Data,No Data,No Data,132,49,37.1%,53,40.2,24,18.2%,6,4.5%,30,22.7%,124,71,57.3,37,29.8%,10,8.1%,6,4.8%,16,12.9%
15,All Students,2016-17,6197,1764,1710,1418,1305,3296,53.2%,2901,46.8%,344,5.6%,2539,41,2511,40.5%,194,3.1%,609,9.8%,No Data,No Data,No Data,No Data,No Data,No Data,No Data,No Data,No Data,No Data,No Data,No Data,No Data,No Data,No Data,No Data,No Data,No Data,No Data,No Data,1319,290,22.0%,566,42.9,349,26.5%,114,8.6%,463,35.1%,1146,529,46.2,412,36.0%,148,12.9%,57,5.0%,205,17.9%
15,English Language Learners,2016-17,539,189,174,98,78,211,39.1%,328,60.9%,87,16.1%,s,,310,57.5%,s,s,89,16.5%,311,57.7%,31,5.8%,15,2.8%,143,26.5%,13,2.4%,s,s,s,s,s,s,s,s,17,3.2%,99,82,82.8%,17,17.2,s,s,s,s,s,s,109,81,74.3,27,24.8%,s,s,s,s,s,s
15,Enrolled over the Counter,2016-17,490,142,200,91,57,226,46.1%,264,53.9%,35,7.1%,166,33.9,204,41.6%,10,2.0%,75,15.3%,No Data,No Data,No Data,No Data,No Data,No Data,No Data,No Data,No Data,No Data,No Data,No Data,No Data,No Data,No Data,No Data,No Data,No Data,No Data,No Data,39,s,s,11,28.2,15,38.5%,s,s,s,s,33,16,48.5,12,36.4%,s,s,s,s,s,s
15,Receive free or reduced price lunch,2016-17,4591,1385,1248,1022,936,2505,54.6%,2086,45.4%,297,6.5%,1894,41.3,1956,42.6%,98,2.1%,346,7.5%,No Data,No Data,No Data,No Data,No Data,No Data,No Data,No Data,No Data,No Data,No Data,No Data,No Data,No Data,No Data,No Data,No Data,No Data,No Data,No Data,1036,247,23.8%,470,45.4,244,23.6%,75,7.2%,319,30.8%,920,440,47.8,324,35.2%,114,12.4%,42,4.6%,156,17.0%
15,Reside in temporary housing,2016-17,396,131,105,83,77,219,55.3%,177,44.7%,21,5.3%,200,50.5,129,32.6%,6,1.5%,40,10.1%,No Data,No Data,No Data,No Data,No Data,No Data,No Data,No Data,No Data,No Data,No Data,No Data,No Data,No Data,No Data,No Data,No Data,No Data,No Data,No Data,82,32,39.0%,31,37.8,11,13.4%,8,9.8%,19,23.2%,75,44,58.7,22,29.3%,s,s,s,s,s,s
15,Students with Disabilities,2016-17,1269,408,361,250,250,498,39.2%,771,60.8%,29,2.3%,496,39.1,634,50.0%,21,1.7%,89,7.0%,No Data,No Data,No Data,No Data,No Data,No Data,No Data,No Data,No Data,No Data,No Data,No Data,No Data,No Data,No Data,No Data,No Data,No Data,No Data,No Data,276,148,53.6%,97,35.1,s,s,s,s,s,s,251,192,76.5,51,20.3%,s,s,s,s,s,s
16,All Students,2016-17,2144,496,453,527,668,889,41.5%,1255,58.5%,38,1.8%,1666,77.7,365,17.0%,40,1.9%,35,1.6%,No Data,No Data,No Data,No Data,No Data,No Data,No Data,No Data,No Data,No Data,No Data,No Data,No Data,No Data,No Data,No Data,No Data,No Data,No Data,No Data,367,123,33.5%,171,46.6,57,15.5%,16,4.4%,73,19.9%,346,199,57.5,113,32.7%,28,8.1%,6,1.7%,34,9.8%
16,English Language Learners,2016-17,76,23,23,11,19,22,28.9%,54,71.1%,8,10.5%,22,28.9,39,51.3%,s,s,s,s,39,51.3%,s,s,s,s,12,15.8%,10,13.2%,6,7.9%,s,s,s,s,s,s,6,7.9%,9,7,77.8%,s,,s,s,s,s,s,s,14,13,92.9,s,s,s,s,s,s,s,s
16,Enrolled over the Counter,2016-17,423,103,95,82,143,200,47.3%,223,52.7%,s,s,331,78.3,71,16.8%,s,s,s,s,No Data,No Data,No Data,No Data,No Data,No Data,No Data,No Data,No Data,No Data,No Data,No Data,No Data,No Data,No Data,No Data,No Data,No Data,No Data,No Data,27,11,40.7%,14,51.9,s,s,s,s,s,s,28,20,71.4,7,25.0%,s,s,s,s,s,s
16,Receive free or reduced price lunch,2016-17,1687,418,362,419,488,733,43.4%,954,56.6%,30,1.8%,1299,77,306,18.1%,26,1.5%,26,1.5%,No Data,No Data,No Data,No Data,No Data,No Data,No Data,No Data,No Data,No Data,No Data,No Data,No Data,No Data,No Data,No Data,No Data,No Data,No Data,No Data,312,102,32.7%,151,48.4,46,14.7%,13,4.2%,59,18.9%,295,172,58.3,96,32.5%,21,7.1%,6,2.0%,27,9.2%
16,Reside in temporary housing,2016-17,262,83,57,51,71,115,43.9%,147,56.1%,s,s,208,79.4,45,17.2%,s,s,s,s,No Data,No Data,No Data,No Data,No Data,No Data,No Data,No Data,No Data,No Data,No Data,No Data,No Data,No Data,No Data,No Data,No Data,No Data,No Data,No Data,48,21,43.8%,18,37.5,s,s,s,s,s,s,47,32,68.1,15,31.9%,s,s,s,s,s,s
16,Students with Disabilities,2016-17,565,128,136,130,171,179,31.7%,386,68.3%,s,s,451,79.8,95,16.8%,s,s,s,s,No Data,No Data,No Data,No Data,No Data,No Data,No Data,No Data,No Data,No Data,No Data,No Data,No Data,No Data,No Data,No Data,No Data,No Data,No Data,No Data,86,62,72.1%,22,25.6,s,s,s,s,s,s,86,73,84.9,12,14.0%,s,s,s,s,s,s
17,All Students,2016-17,7885,2004,2085,1854,1942,4000,50.7%,3885,49.3%,250,3.2%,6383,81,917,11.6%,179,2.3%,156,2.0%,No Data,No Data,No Data,No Data,No Data,No Data,No Data,No Data,No Data,No Data,No Data,No Data,No Data,No Data,No Data,No Data,No Data,No Data,No Data,No Data,1447,324,22.4%,607,41.9,393,27.2%,123,8.5%,516,35.7%,1237,544,44,459,37.1%,159,12.9%,75,6.1%,234,18.9%
17,English Language Learners,2016-17,801,203,259,201,138,356,44.4%,445,55.6%,86,10.7%,361,45.1,268,33.5%,13,1.6%,73,9.1%,273,34.1%,15,1.9%,32,4.0%,88,11.0%,245,30.6%,30,3.7%,s,s,s,s,16,2.0%,93,11.6%,84,74,88.1%,10,11.9,s,s,s,s,s,s,114,74,64.9,31,27.2%,s,s,s,s,s,s
17,Enrolled over the Counter,2016-17,851,244,295,177,135,408,47.9%,443,52.1%,24,2.8%,669,78.6,111,13.0%,14,1.6%,33,3.9%,No Data,No Data,No Data,No Data,No Data,No Data,No Data,No Data,No Data,No Data,No Data,No Data,No Data,No Data,No Data,No Data,No Data,No Data,No Data,No Data,36,s,s,15,41.7,10,27.8%,s,s,s,s,33,16,48.5,13,39.4%,s,s,s,s,s,s
17,Receive free or reduced price lunch,2016-17,6237,1614,1638,1471,1514,3218,51.6%,3019,48.4%,218,3.5%,4950,79.4,810,13.0%,118,1.9%,141,2.3%,No Data,No Data,No Data,No Data,No Data,No Data,No Data,No Data,No Data,No Data,No Data,No Data,No Data,No Data,No Data,No Data,No Data,No Data,No Data,No Data,1162,290,25.0%,486,41.8,293,25.2%,93,8.0%,386,33.2%,1021,470,46,366,35.8%,128,12.5%,57,5.6%,185,18.1%
17,Reside in temporary housing,2016-17,693,200,189,155,149,397,57.3%,296,42.7%,21,3.0%,536,77.3,112,16.2%,6,0.9%,18,2.6%,No Data,No Data,No Data,No Data,No Data,No Data,No Data,No Data,No Data,No Data,No Data,No Data,No Data,No Data,No Data,No Data,No Data,No Data,No Data,No Data,119,39,32.8%,59,49.6,15,12.6%,6,5.0%,21,17.6%,115,58,50.4,46,40.0%,s,s,s,s,s,s
17,Students with Disabilities,2016-17,1224,385,330,261,248,458,37.4%,766,62.6%,10,0.8%,1019,83.3,152,12.4%,18,1.5%,25,2.0%,No Data,No Data,No Data,No Data,No Data,No Data,No Data,No Data,No Data,No Data,No Data,No Data,No Data,No Data,No Data,No Data,No Data,No Data,No Data,No Data,242,135,55.8%,92,38,s,s,s,s,s,s,237,177,74.7,52,21.9%,s,s,s,s,s,s
18,All Students,2016-17,4677,1171,1265,1066,1175,2122,45.4%,2555,54.6%,69,1.5%,3924,83.9,431,9.2%,149,3.2%,104,2.2%,No Data,No Data,No Data,No Data,No Data,No Data,No Data,No Data,No Data,No Data,No Data,No Data,No Data,No Data,No Data,No Data,No Data,No Data,No Data,No Data,745,230,30.9%,372,49.9,126,16.9%,17,2.3%,143,19.2%,671,363,54.1,242,36.1%,52,7.7%,14,2.1%,66,9.8%
18,English Language Learners,2016-17,366,110,118,81,57,143,39.1%,223,60.9%,s,s,251,68.6,46,12.6%,s,s,43,11.7%,45,12.3%,s,s,s,s,62,16.9%,184,50.3%,18,4.9%,s,s,s,s,6,1.6%,49,13.4%,38,30,78.9%,8,21.1,s,s,s,s,s,s,42,28,66.7,13,31.0%,s,s,s,s,s,s
18,Enrolled over the Counter,2016-17,868,242,276,172,178,415,47.8%,453,52.2%,10,1.2%,715,82.4,66,7.6%,37,4.3%,40,4.6%,No Data,No Data,No Data,No Data,No Data,No Data,No Data,No Data,No Data,No Data,No Data,No Data,No Data,No Data,No Data,No Data,No Data,No Data,No Data,No Data,42,12,28.6%,19,45.2,s,s,s,s,s,s,37,20,54.1,12,32.4%,s,s,s,s,s,s
18,Receive free or reduced price lunch,2016-17,3500,933,913,754,900,1680,48.0%,1820,52.0%,55,1.6%,2925,83.6,347,9.9%,92,2.6%,81,2.3%,No Data,No Data,No Data,No Data,No Data,No Data,No Data,No Data,No Data,No Data,No Data,No Data,No Data,No Data,No Data,No Data,No Data,No Data,No Data,No Data,609,190,31.2%,303,49.8,101,16.6%,15,2.5%,116,19.0%,556,297,53.4,207,37.2%,41,7.4%,11,2.0%,52,9.4%
18,Reside in temporary housing,2016-17,404,133,106,83,82,215,53.2%,189,46.8%,s,s,341,84.4,44,10.9%,s,s,8,2.0%,No Data,No Data,No Data,No Data,No Data,No Data,No Data,No Data,No Data,No Data,No Data,No Data,No Data,No Data,No Data,No Data,No Data,No Data,No Data,No Data,84,36,42.9%,28,33.3,s,s,s,s,s,s,76,47,61.8,21,27.6%,s,s,s,s,s,s
18,Students with Disabilities,2016-17,931,284,249,195,203,313,33.6%,618,66.4%,s,s,789,84.7,100,10.7%,28,3.0%,s,s,No Data,No Data,No Data,No Data,No Data,No Data,No Data,No Data,No Data,No Data,No Data,No Data,No Data,No Data,No Data,No Data,No Data,No Data,No Data,No Data,181,118,65.2%,60,33.1,s,s,s,s,s,s,173,140,80.9,31,17.9%,s,s,s,s,s,s
19,All Students,2016-17,5598,1547,1451,1198,1402,2429,43.4%,3169,56.6%,276,4.9%,3111,55.6,2022,36.1%,112,2.0%,77,1.4%,No Data,No Data,No Data,No Data,No Data,No Data,No Data,No Data,No Data,No Data,No Data,No Data,No Data,No Data,No Data,No Data,No Data,No Data,No Data,No Data,1068,354,33.1%,488,45.7,187,17.5%,39,3.7%,226,21.2%,1013,590,58.2,327,32.3%,80,7.9%,16,1.6%,96,9.5%
19,English Language Learners,2016-17,684,194,195,168,127,297,43.4%,387,56.6%,89,13.0%,51,7.5,515,75.3%,7,1.0%,22,3.2%,526,76.9%,s,s,72,10.5%,39,5.7%,22,3.2%,s,s,s,s,s,s,s,s,18,2.6%,90,83,92.2%,7,7.8,s,s,s,s,s,s,116,102,87.9,13,11.2%,s,s,s,s,s,s
19,Enrolled over the Counter,2016-17,844,245,208,178,213,373,44.2%,471,55.8%,68,8.1%,353,41.8,379,44.9%,25,3.0%,19,2.3%,No Data,No Data,No Data,No Data,No Data,No Data,No Data,No Data,No Data,No Data,No Data,No Data,No Data,No Data,No Data,No Data,No Data,No Data,No Data,No Data,71,23,32.4%,35,49.3,s,s,s,s,s,s,70,39,55.7,26,37.1%,s,s,s,s,s,s
19,Receive free or reduced price lunch,2016-17,4411,1268,1164,965,1014,2005,45.5%,2406,54.5%,214,4.9%,2394,54.3,1665,37.7%,82,1.9%,56,1.3%,No Data,No Data,No Data,No Data,No Data,No Data,No Data,No Data,No Data,No Data,No Data,No Data,No Data,No Data,No Data,No Data,No Data,No Data,No Data,No Data,882,311,35.3%,398,45.1,142,16.1%,31,3.5%,173,19.6%,840,497,59.2,273,32.5%,58,6.9%,12,1.4%,70,8.3%
19,Reside in temporary housing,2016-17,599,196,166,116,121,284,47.4%,315,52.6%,20,3.3%,356,59.4,196,32.7%,17,2.8%,10,1.7%,No Data,No Data,No Data,No Data,No Data,No Data,No Data,No Data,No Data,No Data,No Data,No Data,No Data,No Data,No Data,No Data,No Data,No Data,No Data,No Data,115,52,45.2%,41,35.7,s,s,s,s,s,s,112,72,64.3,33,29.5%,s,s,s,s,s,s
19,Students with Disabilities,2016-17,1225,375,327,227,296,378,30.9%,847,69.1%,20,1.6%,752,61.4,421,34.4%,18,1.5%,14,1.1%,No Data,No Data,No Data,No Data,No Data,No Data,No Data,No Data,No Data,No Data,No Data,No Data,No Data,No Data,No Data,No Data,No Data,No Data,No Data,No Data,241,154,63.9%,76,31.5,s,s,s,s,s,s,237,196,82.7,37,15.6%,s,s,s,s,s,s
20,All Students,2016-17,13249,3645,3775,2827,3002,6027,45.5%,7222,54.5%,4382,33.1%,891,6.7,4390,33.1%,219,1.7%,3367,25.4%,No Data,No Data,No Data,No Data,No Data,No Data,No Data,No Data,No Data,No Data,No Data,No Data,No Data,No Data,No Data,No Data,No Data,No Data,No Data,No Data,2481,529,21.3%,1039,41.9,711,28.7%,202,8.1%,913,36.8%,2415,659,27.3,979,40.5%,545,22.6%,232,9.6%,777,32.2%
20,English Language Learners,2016-17,2837,928,1057,475,377,1112,39.2%,1725,60.8%,1514,53.4%,35,1.2,791,27.9%,19,0.7%,478,16.8%,807,28.4%,1123,39.6%,103,3.6%,291,10.3%,11,0.4%,s,s,125,4.4%,s,s,142,5.0%,225,7.9%,331,265,80.1%,66,19.9,s,s,s,s,s,s,405,223,55.1,132,32.6%,41,10.1%,9,2.2%,50,12.3%
20,Enrolled over the Counter,2016-17,1167,478,389,112,188,503,43.1%,664,56.9%,531,45.5%,53,4.5,343,29.4%,8,0.7%,232,19.9%,No Data,No Data,No Data,No Data,No Data,No Data,No Data,No Data,No Data,No Data,No Data,No Data,No Data,No Data,No Data,No Data,No Data,No Data,No Data,No Data,76,9,11.8%,32,42.1,28,36.8%,7,9.2%,35,46.1%,80,13,16.2,31,38.7%,27,33.8%,9,11.2%,36,45.0%
20,Receive free or reduced price lunch,2016-17,9521,2630,2675,2011,2205,4440,46.6%,5081,53.4%,3623,38.1%,613,6.4,3081,32.4%,105,1.1%,2099,22.0%,No Data,No Data,No Data,No Data,No Data,No Data,No Data,No Data,No Data,No Data,No Data,No Data,No Data,No Data,No Data,No Data,No Data,No Data,No Data,No Data,1833,413,22.5%,818,44.6,473,25.8%,129,7.0%,602,32.8%,1812,516,28.5,742,40.9%,385,21.2%,169,9.3%,554,30.6%
20,Reside in temporary housing,2016-17,913,260,292,181,180,430,47.1%,483,52.9%,573,62.8%,53,5.8,181,19.8%,11,1.2%,95,10.4%,No Data,No Data,No Data,No Data,No Data,No Data,No Data,No Data,No Data,No Data,No Data,No Data,No Data,No Data,No Data,No Data,No Data,No Data,No Data,No Data,81,21,25.9%,38,46.9,s,s,s,s,s,s,85,31,36.5,31,36.5%,15,17.6%,8,9.4%,23,27.1%
20,Students with Disabilities,2016-17,2124,741,561,393,429,766,36.1%,1358,63.9%,299,14.1%,203,9.6,1144,53.9%,21,1.0%,457,21.5%,No Data,No Data,No Data,No Data,No Data,No Data,No Data,No Data,No Data,No Data,No Data,No Data,No Data,No Data,No Data,No Data,No Data,No Data,No Data,No Data,524,269,51.3%,213,40.6,s,s,s,s,s,s,517,309,59.8,167,32.3%,s,s,s,s,s,s
21,All Students,2016-17,12097,3492,3260,2777,2568,5711,47.2%,6386,52.8%,2565,21.2%,3567,29.5,2872,23.7%,265,2.2%,2828,23.4%,No Data,No Data,No Data,No Data,No Data,No Data,No Data,No Data,No Data,No Data,No Data,No Data,No Data,No Data,No Data,No Data,No Data,No Data,No Data,No Data,2388,550,23.0%,1027,43,647,27.1%,164,6.9%,811,34.0%,2233,738,33,878,39.3%,446,20.0%,171,7.7%,617,27.6%
21,English Language Learners,2016-17,1821,608,543,363,307,713,39.2%,1108,60.8%,748,41.1%,109,6,435,23.9%,15,0.8%,514,28.2%,440,24.2%,467,25.6%,51,2.8%,139,7.6%,56,3.1%,s,s,238,13.1%,s,s,174,9.6%,245,13.5%,278,226,81.3%,52,18.7,s,s,s,s,s,s,350,154,44,117,33.4%,54,15.4%,25,7.1%,79,22.6%
21,Enrolled over the Counter,2016-17,923,305,268,202,148,415,45.0%,508,55.0%,193,20.9%,226,24.5,218,23.6%,12,1.3%,274,29.7%,No Data,No Data,No Data,No Data,No Data,No Data,No Data,No Data,No Data,No Data,No Data,No Data,No Data,No Data,No Data,No Data,No Data,No Data,No Data,No Data,41,s,s,19,46.3,12,29.3%,s,s,s,s,36,15,41.7,17,47.2%,s,s,s,s,s,s
21,Receive free or reduced price lunch,2016-17,8955,2632,2393,2056,1874,4249,47.4%,4706,52.6%,2156,24.1%,2640,29.5,2259,25.2%,138,1.5%,1762,19.7%,No Data,No Data,No Data,No Data,No Data,No Data,No Data,No Data,No Data,No Data,No Data,No Data,No Data,No Data,No Data,No Data,No Data,No Data,No Data,No Data,1857,462,24.9%,789,42.5,494,26.6%,112,6.0%,606,32.6%,1767,588,33.3,694,39.3%,343,19.4%,142,8.0%,485,27.4%
21,Reside in temporary housing,2016-17,1146,367,286,228,265,559,48.8%,587,51.2%,298,26.0%,380,33.2,262,22.9%,18,1.6%,188,16.4%,No Data,No Data,No Data,No Data,No Data,No Data,No Data,No Data,No Data,No Data,No Data,No Data,No Data,No Data,No Data,No Data,No Data,No Data,No Data,No Data,196,64,32.7%,79,40.3,41,20.9%,12,6.1%,53,27.0%,195,86,44.1,73,37.4%,28,14.4%,8,4.1%,36,18.5%
21,Students with Disabilities,2016-17,2139,766,616,419,338,771,36.0%,1368,64.0%,182,8.5%,832,38.9,704,32.9%,32,1.5%,389,18.2%,No Data,No Data,No Data,No Data,No Data,No Data,No Data,No Data,No Data,No Data,No Data,No Data,No Data,No Data,No Data,No Data,No Data,No Data,No Data,No Data,432,205,47.5%,185,42.8,s,s,s,s,s,s,412,269,65.3,126,30.6%,s,s,s,s,s,s
22,All Students,2016-17,9725,2710,2727,2137,2151,4923,50.6%,4801,49.4%,2464,25.3%,2482,25.5,1415,14.6%,164,1.7%,3200,32.9%,No Data,No Data,No Data,No Data,No Data,No Data,No Data,No Data,No Data,No Data,No Data,No Data,No Data,No Data,No Data,No Data,No Data,No Data,No Data,No Data,2241,259,11.6%,628,28,827,36.9%,527,23.5%,1354,60.4%,1907,430,22.5,511,26.8%,439,23.0%,527,27.6%,966,50.7%
22,English Language Learners,2016-17,680,239,270,91,80,269,39.6%,411,60.4%,221,32.5%,s,,113,16.6%,s,s,279,41.0%,114,16.8%,81,11.9%,10,1.5%,46,6.8%,37,5.4%,s,s,163,24.0%,s,s,79,11.6%,144,21.2%,113,87,77.0%,26,23,s,s,s,s,s,s,153,78,51,63,41.2%,s,s,s,s,s,s
22,Enrolled over the Counter,2016-17,401,135,148,76,42,173,43.1%,228,56.9%,s,s,79,19.7,83,20.7%,s,s,170,42.4%,No Data,No Data,No Data,No Data,No Data,No Data,No Data,No Data,No Data,No Data,No Data,No Data,No Data,No Data,No Data,No Data,No Data,No Data,No Data,No Data,20,s,s,7,35,8,40.0%,s,s,s,s,18,s,,6,33.3%,6,33.3%,s,s,s,s
22,Receive free or reduced price lunch,2016-17,6851,2001,1971,1407,1472,3507,51.2%,3344,48.8%,2039,29.8%,1768,25.8,1162,17.0%,89,1.3%,1793,26.2%,No Data,No Data,No Data,No Data,No Data,No Data,No Data,No Data,No Data,No Data,No Data,No Data,No Data,No Data,No Data,No Data,No Data,No Data,No Data,No Data,1673,225,13.4%,504,30.1,591,35.3%,353,21.1%,944,56.4%,1443,357,24.7,415,28.8%,311,21.6%,360,24.9%,671,46.5%
22,Reside in temporary housing,2016-17,414,148,139,59,68,201,48.6%,213,51.4%,97,23.4%,149,36,s,s,s,s,93,22.5%,No Data,No Data,No Data,No Data,No Data,No Data,No Data,No Data,No Data,No Data,No Data,No Data,No Data,No Data,No Data,No Data,No Data,No Data,No Data,No Data,111,26,23.4%,34,30.6,33,29.7%,18,16.2%,51,45.9%,108,34,31.5,34,31.5%,19,17.6%,21,19.4%,40,37.0%
22,Students with Disabilities,2016-17,1184,457,332,216,179,384,32.4%,800,67.6%,143,12.1%,445,37.6,295,24.9%,12,1.0%,289,24.4%,No Data,No Data,No Data,No Data,No Data,No Data,No Data,No Data,No Data,No Data,No Data,No Data,No Data,No Data,No Data,No Data,No Data,No Data,No Data,No Data,356,155,43.5%,156,43.8,37,10.4%,8,2.2%,45,12.6%,347,225,64.8,95,27.4%,s,s,s,s,s,s
23,All Students,2016-17,1760,383,465,432,480,643,36.5%,1117,63.5%,18,1.0%,1464,83.2,233,13.2%,30,1.7%,15,0.9%,No Data,No Data,No Data,No Data,No Data,No Data,No Data,No Data,No Data,No Data,No Data,No Data,No Data,No Data,No Data,No Data,No Data,No Data,No Data,No Data,177,69,39.0%,84,47.5,s,s,s,s,s,s,98,61,62.2,27,27.6%,s,s,s,s,s,s
23,English Language Learners,2016-17,54,17,15,8,14,24,44.4%,30,55.6%,s,s,12,22.2,31,57.4%,s,s,6,11.1%,30,55.6%,s,s,s,s,7,13.0%,s,s,s,s,s,s,s,s,s,s,6,11.1%,8,6,75.0%,s,,s,s,s,s,s,s,9,7,77.8,s,s,s,s,s,s,s,s
23,Enrolled over the Counter,2016-17,512,133,164,114,101,239,46.7%,273,53.3%,s,s,395,77.1,89,17.4%,13,2.5%,s,s,No Data,No Data,No Data,No Data,No Data,No Data,No Data,No Data,No Data,No Data,No Data,No Data,No Data,No Data,No Data,No Data,No Data,No Data,No Data,No Data,12,s,s,s,,s,s,s,s,s,s,11,8,72.7,s,s,s,s,s,s,s,s
23,Receive free or reduced price lunch,2016-17,1430,325,380,347,378,547,38.3%,883,61.7%,14,1.0%,1191,83.3,194,13.6%,21,1.5%,10,0.7%,No Data,No Data,No Data,No Data,No Data,No Data,No Data,No Data,No Data,No Data,No Data,No Data,No Data,No Data,No Data,No Data,No Data,No Data,No Data,No Data,143,58,40.6%,69,48.3,s,s,s,s,s,s,82,52,63.4,22,26.8%,s,s,s,s,s,s
23,Reside in temporary housing,2016-17,211,57,65,53,36,100,47.4%,111,52.6%,s,s,167,79.1,40,19.0%,s,s,s,s,No Data,No Data,No Data,No Data,No Data,No Data,No Data,No Data,No Data,No Data,No Data,No Data,No Data,No Data,No Data,No Data,No Data,No Data,No Data,No Data,14,7,50.0%,s,,s,s,s,s,s,s,11,8,72.7,s,s,s,s,s,s,s,s
23,Students with Disabilities,2016-17,434,98,121,111,104,129,29.7%,305,70.3%,s,s,349,80.4,74,17.1%,8,1.8%,s,s,No Data,No Data,No Data,No Data,No Data,No Data,No Data,No Data,No Data,No Data,No Data,No Data,No Data,No Data,No Data,No Data,No Data,No Data,No Data,No Data,43,36,83.7%,7,16.3,s,s,s,s,s,s,29,24,82.8,s,s,s,s,s,s,s,s
24,All Students,2016-17,14173,3935,3683,3152,3403,6047,42.7%,8126,57.3%,2658,18.8%,875,6.2,8546,60.3%,327,2.3%,1767,12.5%,No Data,No Data,No Data,No Data,No Data,No Data,No Data,No Data,No Data,No Data,No Data,No Data,No Data,No Data,No Data,No Data,No Data,No Data,No Data,No Data,2760,510,18.5%,1056,38.3,887,32.1%,307,11.1%,1194,43.3%,2423,716,29.6,931,38.4%,503,20.8%,273,11.3%,776,32.0%
24,English Language Learners,2016-17,2057,651,634,465,307,878,42.7%,1179,57.3%,322,15.7%,27,1.3,1543,75.0%,10,0.5%,155,7.5%,1544,75.1%,71,3.5%,109,5.3%,104,5.1%,7,0.3%,s,s,13,0.6%,s,s,16,0.8%,183,8.9%,323,267,82.7%,56,17.3,s,s,s,s,s,s,392,276,70.4,106,27.0%,s,s,s,s,s,s
24,Enrolled over the Counter,2016-17,1238,536,257,150,295,576,46.5%,662,53.5%,203,16.4%,s,,798,64.5%,s,s,131,10.6%,No Data,No Data,No Data,No Data,No Data,No Data,No Data,No Data,No Data,No Data,No Data,No Data,No Data,No Data,No Data,No Data,No Data,No Data,No Data,No Data,106,21,19.8%,52,49.1,26,24.5%,7,6.6%,33,31.1%,104,37,35.6,47,45.2%,s,s,s,s,s,s
24,Receive free or reduced price lunch,2016-17,11502,3176,2923,2531,2872,4868,42.3%,6634,57.7%,2235,19.4%,682,5.9,7235,62.9%,232,2.0%,1118,9.7%,No Data,No Data,No Data,No Data,No Data,No Data,No Data,No Data,No Data,No Data,No Data,No Data,No Data,No Data,No Data,No Data,No Data,No Data,No Data,No Data,2318,437,18.9%,902,38.9,752,32.4%,227,9.8%,979,42.2%,2077,611,29.4,797,38.4%,433,20.8%,236,11.4%,669,32.2%
24,Reside in temporary housing,2016-17,729,266,174,161,128,335,46.0%,394,54.0%,138,18.9%,64,8.8,482,66.1%,s,s,s,s,No Data,No Data,No Data,No Data,No Data,No Data,No Data,No Data,No Data,No Data,No Data,No Data,No Data,No Data,No Data,No Data,No Data,No Data,No Data,No Data,144,50,34.7%,55,38.2,s,s,s,s,s,s,145,63,43.4,45,31.0%,27,18.6%,10,6.9%,37,25.5%
24,Students with Disabilities,2016-17,1830,627,537,344,322,557,30.4%,1273,69.6%,117,6.4%,148,8.1,1333,72.8%,23,1.3%,209,11.4%,No Data,No Data,No Data,No Data,No Data,No Data,No Data,No Data,No Data,No Data,No Data,No Data,No Data,No Data,No Data,No Data,No Data,No Data,No Data,No Data,444,230,51.8%,192,43.2,s,s,s,s,s,s,435,292,67.1,130,29.9%,7,1.6%,6,1.4%,13,3.0%
25,All Students,2016-17,10530,3064,2811,2406,2249,5304,50.4%,5226,49.6%,3334,31.7%,1717,16.3,4223,40.1%,271,2.6%,985,9.4%,No Data,No Data,No Data,No Data,No Data,No Data,No Data,No Data,No Data,No Data,No Data,No Data,No Data,No Data,No Data,No Data,No Data,No Data,No Data,No Data,2006,368,18.3%,803,40,539,26.9%,296,14.8%,835,41.6%,1605,504,31.4,677,42.2%,283,17.6%,141,8.8%,424,26.4%
25,English Language Learners,2016-17,1687,509,522,410,246,702,41.6%,985,58.4%,765,45.3%,26,1.5,830,49.2%,8,0.5%,58,3.4%,833,49.4%,589,34.9%,51,3.0%,31,1.8%,s,s,s,s,s,s,15,0.9%,44,2.6%,100,5.9%,196,148,75.5%,48,24.5,s,s,s,s,s,s,247,113,45.7,86,34.8%,41,16.6%,7,2.8%,48,19.4%
25,Enrolled over the Counter,2016-17,1202,352,340,212,298,544,45.3%,658,54.7%,346,28.8%,242,20.1,509,42.3%,27,2.2%,78,6.5%,No Data,No Data,No Data,No Data,No Data,No Data,No Data,No Data,No Data,No Data,No Data,No Data,No Data,No Data,No Data,No Data,No Data,No Data,No Data,No Data,58,s,s,28,48.3,s,s,s,s,s,s,53,22,41.5,20,37.7%,s,s,s,s,s,s
25,Receive free or reduced price lunch,2016-17,7242,2126,1955,1685,1476,3751,51.8%,3491,48.2%,2456,33.9%,1123,15.5,3054,42.2%,152,2.1%,457,6.3%,No Data,No Data,No Data,No Data,No Data,No Data,No Data,No Data,No Data,No Data,No Data,No Data,No Data,No Data,No Data,No Data,No Data,No Data,No Data,No Data,1463,291,19.9%,613,41.9,392,26.8%,167,11.4%,559,38.2%,1238,393,31.7,518,41.8%,223,18.0%,104,8.4%,327,26.4%
25,Reside in temporary housing,2016-17,466,184,121,91,70,233,50.0%,233,50.0%,111,23.8%,99,21.2,231,49.6%,s,s,s,s,No Data,No Data,No Data,No Data,No Data,No Data,No Data,No Data,No Data,No Data,No Data,No Data,No Data,No Data,No Data,No Data,No Data,No Data,No Data,No Data,81,23,28.4%,35,43.2,s,s,s,s,s,s,81,33,40.7,33,40.7%,s,s,s,s,s,s
25,Students with Disabilities,2016-17,1367,468,381,267,251,506,37.0%,861,63.0%,162,11.9%,306,22.4,719,52.6%,19,1.4%,161,11.8%,No Data,No Data,No Data,No Data,No Data,No Data,No Data,No Data,No Data,No Data,No Data,No Data,No Data,No Data,No Data,No Data,No Data,No Data,No Data,No Data,263,132,50.2%,108,41.1,s,s,s,s,s,s,235,147,62.6,74,31.5%,s,s,s,s,s,s
26,All Students,2016-17,14063,4131,3618,3445,2869,6891,49.0%,7172,51.0%,6198,44.1%,2722,19.4,2905,20.7%,317,2.3%,1921,13.7%,No Data,No Data,No Data,No Data,No Data,No Data,No Data,No Data,No Data,No Data,No Data,No Data,No Data,No Data,No Data,No Data,No Data,No Data,No Data,No Data,2952,441,14.9%,1042,35.3,993,33.6%,476,16.1%,1469,49.8%,2276,618,27.2,817,35.9%,469,20.6%,372,16.3%,841,37.0%
26,English Language Learners,2016-17,1019,396,306,224,93,442,43.4%,577,56.6%,715,70.2%,41,4,217,21.3%,8,0.8%,38,3.7%,222,21.8%,527,51.7%,47,4.6%,10,1.0%,14,1.4%,s,s,s,s,44,4.3%,16,1.6%,127,12.5%,179,129,72.1%,50,27.9,s,s,s,s,s,s,214,84,39.3,77,36.0%,25,11.7%,28,13.1%,53,24.8%
26,Enrolled over the Counter,2016-17,664,291,176,156,41,322,48.5%,342,51.5%,336,50.6%,88,13.3,119,17.9%,11,1.7%,110,16.6%,No Data,No Data,No Data,No Data,No Data,No Data,No Data,No Data,No Data,No Data,No Data,No Data,No Data,No Data,No Data,No Data,No Data,No Data,No Data,No Data,75,s,s,31,41.3,31,41.3%,s,s,s,s,55,9,16.4,28,50.9%,11,20.0%,7,12.7%,18,32.7%
26,Receive free or reduced price lunch,2016-17,9212,2774,2295,2289,1854,4541,49.3%,4671,50.7%,4433,48.1%,1669,18.1,2075,22.5%,178,1.9%,857,9.3%,No Data,No Data,No Data,No Data,No Data,No Data,No Data,No Data,No Data,No Data,No Data,No Data,No Data,No Data,No Data,No Data,No Data,No Data,No Data,No Data,1986,335,16.9%,745,37.5,608,30.6%,298,15.0%,906,45.6%,1613,455,28.2,567,35.2%,335,20.8%,256,15.9%,591,36.6%
26,Reside in temporary housing,2016-17,431,176,104,102,49,197,45.7%,234,54.3%,173,40.1%,101,23.4,114,26.5%,12,2.8%,31,7.2%,No Data,No Data,No Data,No Data,No Data,No Data,No Data,No Data,No Data,No Data,No Data,No Data,No Data,No Data,No Data,No Data,No Data,No Data,No Data,No Data,96,23,24.0%,46,47.9,18,18.8%,9,9.4%,27,28.1%,90,33,36.7,33,36.7%,9,10.0%,15,16.7%,24,26.7%
26,Students with Disabilities,2016-17,2016,828,525,385,278,694,34.4%,1322,65.6%,434,21.5%,553,27.4,651,32.3%,30,1.5%,348,17.3%,No Data,No Data,No Data,No Data,No Data,No Data,No Data,No Data,No Data,No Data,No Data,No Data,No Data,No Data,No Data,No Data,No Data,No Data,No Data,No Data,514,240,46.7%,222,43.2,s,s,s,s,s,s,471,298,63.3,148,31.4%,17,3.6%,8,1.7%,25,5.3%
27,All Students,2016-17,10107,2974,2581,2458,2094,4478,44.3%,5629,55.7%,2337,23.1%,2773,27.4,3664,36.3%,498,4.9%,835,8.3%,No Data,No Data,No Data,No Data,No Data,No Data,No Data,No Data,No Data,No Data,No Data,No Data,No Data,No Data,No Data,No Data,No Data,No Data,No Data,No Data,1955,499,25.5%,782,40,480,24.6%,194,9.9%,674,34.5%,1490,800,53.7,538,36.1%,130,8.7%,22,1.5%,152,10.2%
27,English Language Learners,2016-17,1285,415,364,271,235,478,37.2%,807,62.8%,334,26.0%,56,4.4,816,63.5%,33,2.6%,46,3.6%,819,63.7%,6,0.5%,119,9.3%,65,5.1%,10,0.8%,15,1.2%,s,s,s,s,35,2.7%,211,16.4%,167,141,84.4%,26,15.6,s,s,s,s,s,s,198,170,85.9,26,13.1%,s,s,s,s,s,s
27,Enrolled over the Counter,2016-17,1299,574,279,336,110,564,43.4%,735,56.6%,368,28.3%,415,31.9,398,30.6%,42,3.2%,76,5.9%,No Data,No Data,No Data,No Data,No Data,No Data,No Data,No Data,No Data,No Data,No Data,No Data,No Data,No Data,No Data,No Data,No Data,No Data,No Data,No Data,156,44,28.2%,84,53.8,s,s,s,s,s,s,131,79,60.3,45,34.4%,s,s,s,s,s,s
27,Receive free or reduced price lunch,2016-17,7629,2254,1957,1766,1652,3483,45.7%,4146,54.3%,1758,23.0%,2193,28.7,2855,37.4%,342,4.5%,481,6.3%,No Data,No Data,No Data,No Data,No Data,No Data,No Data,No Data,No Data,No Data,No Data,No Data,No Data,No Data,No Data,No Data,No Data,No Data,No Data,No Data,1485,402,27.1%,623,42,353,23.8%,107,7.2%,460,31.0%,1167,628,53.8,426,36.5%,99,8.5%,14,1.2%,113,9.7%
27,Reside in temporary housing,2016-17,558,197,127,134,100,252,45.2%,306,54.8%,131,23.5%,208,37.3,185,33.2%,14,2.5%,20,3.6%,No Data,No Data,No Data,No Data,No Data,No Data,No Data,No Data,No Data,No Data,No Data,No Data,No Data,No Data,No Data,No Data,No Data,No Data,No Data,No Data,89,36,40.4%,43,48.3,s,s,s,s,s,s,85,55,64.7,22,25.9%,s,s,s,s,s,s
27,Students with Disabilities,2016-17,1552,582,442,298,230,489,31.5%,1063,68.5%,197,12.7%,523,33.7,635,40.9%,53,3.4%,144,9.3%,No Data,No Data,No Data,No Data,No Data,No Data,No Data,No Data,No Data,No Data,No Data,No Data,No Data,No Data,No Data,No Data,No Data,No Data,No Data,No Data,380,230,60.5%,126,33.2,s,s,s,s,s,s,336,282,83.9,46,13.7%,s,s,s,s,s,s
28,All Students,2016-17,15213,4045,4041,3702,3425,7619,50.1%,7594,49.9%,4579,30.1%,3630,23.9,4317,28.4%,649,4.3%,2038,13.4%,No Data,No Data,No Data,No Data,No Data,No Data,No Data,No Data,No Data,No Data,No Data,No Data,No Data,No Data,No Data,No Data,No Data,No Data,No Data,No Data,3210,499,15.5%,1204,37.5,1055,32.9%,452,14.1%,1507,46.9%,2408,802,33.3,916,38.0%,437,18.1%,253,10.5%,690,28.7%
28,English Language Learners,2016-17,1062,368,352,212,130,442,41.6%,620,58.4%,322,30.3%,59,5.6,547,51.5%,24,2.3%,110,10.4%,549,51.7%,34,3.2%,206,19.4%,46,4.3%,23,2.2%,s,s,50,4.7%,s,s,18,1.7%,128,12.1%,175,131,74.9%,43,24.6,s,s,s,s,s,s,201,135,67.2,57,28.4%,s,s,s,s,s,s
28,Enrolled over the Counter,2016-17,864,325,268,194,77,427,49.4%,437,50.6%,234,27.1%,238,27.5,242,28.0%,39,4.5%,111,12.8%,No Data,No Data,No Data,No Data,No Data,No Data,No Data,No Data,No Data,No Data,No Data,No Data,No Data,No Data,No Data,No Data,No Data,No Data,No Data,No Data,81,s,s,39,48.1,28,34.6%,s,s,s,s,57,19,33.3,20,35.1%,s,s,s,s,s,s
28,Receive free or reduced price lunch,2016-17,11058,3025,2945,2653,2435,5705,51.6%,5353,48.4%,3515,31.8%,2624,23.7,3344,30.2%,438,4.0%,1137,10.3%,No Data,No Data,No Data,No Data,No Data,No Data,No Data,No Data,No Data,No Data,No Data,No Data,No Data,No Data,No Data,No Data,No Data,No Data,No Data,No Data,2445,397,16.2%,968,39.6,785,32.1%,295,12.1%,1080,44.2%,1837,644,35.1,705,38.4%,323,17.6%,165,9.0%,488,26.6%
28,Reside in temporary housing,2016-17,604,194,169,135,106,320,53.0%,284,47.0%,187,31.0%,191,31.6,169,28.0%,12,2.0%,45,7.5%,No Data,No Data,No Data,No Data,No Data,No Data,No Data,No Data,No Data,No Data,No Data,No Data,No Data,No Data,No Data,No Data,No Data,No Data,No Data,No Data,134,34,25.4%,56,41.8,36,26.9%,8,6.0%,44,32.8%,121,55,45.5,38,31.4%,19,15.7%,9,7.4%,28,23.1%
28,Students with Disabilities,2016-17,1984,662,560,409,353,702,35.4%,1282,64.6%,270,13.6%,650,32.8,769,38.8%,55,2.8%,240,12.1%,No Data,No Data,No Data,No Data,No Data,No Data,No Data,No Data,No Data,No Data,No Data,No Data,No Data,No Data,No Data,No Data,No Data,No Data,No Data,No Data,499,255,51.1%,200,40.1,s,s,s,s,s,s,449,312,69.5,115,25.6%,15,3.3%,7,1.6%,22,4.9%
29,All Students,2016-17,4517,1108,1207,1173,1029,2121,47.0%,2396,53.0%,274,6.1%,3543,78.4,429,9.5%,183,4.1%,88,1.9%,No Data,No Data,No Data,No Data,No Data,No Data,No Data,No Data,No Data,No Data,No Data,No Data,No Data,No Data,No Data,No Data,No Data,No Data,No Data,No Data,805,220,27.3%,361,44.8,188,23.4%,36,4.5%,224,27.8%,703,385,54.8,247,35.1%,64,9.1%,7,1.0%,71,10.1%
29,English Language Learners,2016-17,247,81,82,48,36,113,45.7%,134,54.3%,35,14.2%,131,53,63,25.5%,s,s,s,s,59,23.9%,s,s,19,7.7%,21,8.5%,62,25.1%,19,7.7%,s,s,s,s,6,2.4%,60,24.3%,27,22,81.5%,s,,s,s,s,s,s,s,37,32,86.5,s,s,s,s,s,s,s,s
29,Enrolled over the Counter,2016-17,732,256,249,161,66,384,52.5%,348,47.5%,65,8.9%,583,79.6,56,7.7%,12,1.6%,16,2.2%,No Data,No Data,No Data,No Data,No Data,No Data,No Data,No Data,No Data,No Data,No Data,No Data,No Data,No Data,No Data,No Data,No Data,No Data,No Data,No Data,85,25,29.4%,43,50.6,s,s,s,s,s,s,83,49,59,27,32.5%,s,s,s,s,s,s
29,Receive free or reduced price lunch,2016-17,3375,861,887,863,764,1630,48.3%,1745,51.7%,212,6.3%,2635,78.1,356,10.5%,106,3.1%,66,2.0%,No Data,No Data,No Data,No Data,No Data,No Data,No Data,No Data,No Data,No Data,No Data,No Data,No Data,No Data,No Data,No Data,No Data,No Data,No Data,No Data,621,169,27.2%,284,45.7,140,22.5%,28,4.5%,168,27.1%,543,305,56.2,188,34.6%,s,s,s,s,s,s
29,Reside in temporary housing,2016-17,291,99,72,68,52,139,47.8%,152,52.2%,19,6.5%,219,75.3,45,15.5%,s,s,s,s,No Data,No Data,No Data,No Data,No Data,No Data,No Data,No Data,No Data,No Data,No Data,No Data,No Data,No Data,No Data,No Data,No Data,No Data,No Data,No Data,60,24,40.0%,31,51.7,s,s,s,s,s,s,63,48,76.2,11,17.5%,s,s,s,s,s,s
29,Students with Disabilities,2016-17,698,187,208,167,136,233,33.4%,465,66.6%,19,2.7%,585,83.8,68,9.7%,13,1.9%,13,1.9%,No Data,No Data,No Data,No Data,No Data,No Data,No Data,No Data,No Data,No Data,No Data,No Data,No Data,No Data,No Data,No Data,No Data,No Data,No Data,No Data,141,84,59.6%,47,33.3,s,s,s,s,s,s,124,104,83.9,18,14.5%,s,s,s,s,s,s
30,All Students,2016-17,9859,3018,2652,2077,2112,4827,49.0%,5032,51.0%,2153,21.8%,885,9,4997,50.7%,224,2.3%,1600,16.2%,No Data,No Data,No Data,No Data,No Data,No Data,No Data,No Data,No Data,No Data,No Data,No Data,No Data,No Data,No Data,No Data,No Data,No Data,No Data,No Data,2080,324,15.6%,882,42.4,616,29.6%,258,12.4%,874,42.0%,1858,585,31.5,780,42.0%,344,18.5%,149,8.0%,493,26.5%
30,English Language Learners,2016-17,1427,467,511,287,162,593,41.6%,834,58.4%,419,29.4%,s,,871,61.0%,s,s,121,8.5%,866,60.7%,108,7.6%,169,11.8%,103,7.2%,s,s,s,s,s,s,s,s,28,2.0%,142,10.0%,174,124,71.3%,50,28.7,s,s,s,s,s,s,220,144,65.5,69,31.4%,s,s,s,s,s,s
30,Enrolled over the Counter,2016-17,834,347,328,118,41,390,46.8%,444,53.2%,237,28.4%,s,,405,48.6%,s,s,124,14.9%,No Data,No Data,No Data,No Data,No Data,No Data,No Data,No Data,No Data,No Data,No Data,No Data,No Data,No Data,No Data,No Data,No Data,No Data,No Data,No Data,63,17,27.0%,24,38.1,14,22.2%,8,12.7%,22,34.9%,62,25,40.3,27,43.5%,s,s,s,s,s,s
30,Receive free or reduced price lunch,2016-17,7062,2182,1893,1469,1518,3475,49.2%,3587,50.8%,1646,23.3%,615,8.7,3838,54.3%,117,1.7%,846,12.0%,No Data,No Data,No Data,No Data,No Data,No Data,No Data,No Data,No Data,No Data,No Data,No Data,No Data,No Data,No Data,No Data,No Data,No Data,No Data,No Data,1542,263,17.1%,681,44.2,448,29.1%,150,9.7%,598,38.8%,1426,476,33.4,606,42.5%,235,16.5%,109,7.6%,344,24.1%
30,Reside in temporary housing,2016-17,545,176,167,102,100,248,45.5%,297,54.5%,163,29.9%,67,12.3,268,49.2%,s,s,s,s,No Data,No Data,No Data,No Data,No Data,No Data,No Data,No Data,No Data,No Data,No Data,No Data,No Data,No Data,No Data,No Data,No Data,No Data,No Data,No Data,84,24,28.6%,40,47.6,13,15.5%,7,8.3%,20,23.8%,83,39,47,35,42.2%,s,s,s,s,s,s
30,Students with Disabilities,2016-17,1275,490,360,238,187,466,36.5%,809,63.5%,118,9.3%,208,16.3,770,60.4%,22,1.7%,157,12.3%,No Data,No Data,No Data,No Data,No Data,No Data,No Data,No Data,No Data,No Data,No Data,No Data,No Data,No Data,No Data,No Data,No Data,No Data,No Data,No Data,312,146,46.8%,140,44.9,s,s,s,s,s,s,303,210,69.3,78,25.7%,s,s,s,s,s,s
31,All Students,2016-17,18180,5153,4766,4280,3981,8799,48.4%,9381,51.6%,1949,10.7%,2608,14.3,4684,25.8%,385,2.1%,8554,47.1%,No Data,No Data,No Data,No Data,No Data,No Data,No Data,No Data,No Data,No Data,No Data,No Data,No Data,No Data,No Data,No Data,No Data,No Data,No Data,No Data,3845,655,17.0%,1362,35.4,1156,30.1%,672,17.5%,1828,47.5%,3149,1060,33.7,1184,37.6%,545,17.3%,360,11.4%,905,28.7%
31,English Language Learners,2016-17,602,257,190,109,46,228,37.9%,374,62.1%,98,16.3%,16,2.7,345,57.3%,6,1.0%,137,22.8%,348,57.8%,41,6.8%,7,1.2%,85,14.1%,s,s,s,s,17,2.8%,s,s,22,3.7%,76,12.6%,116,87,75.0%,29,25,s,s,s,s,s,s,135,101,74.8,25,18.5%,s,s,s,s,s,s
31,Enrolled over the Counter,2016-17,1167,358,342,247,220,544,46.6%,623,53.4%,102,8.7%,280,24,351,30.1%,14,1.2%,420,36.0%,No Data,No Data,No Data,No Data,No Data,No Data,No Data,No Data,No Data,No Data,No Data,No Data,No Data,No Data,No Data,No Data,No Data,No Data,No Data,No Data,119,34,28.6%,57,47.9,s,s,s,s,s,s,106,45,42.5,44,41.5%,s,s,s,s,s,s
31,Receive free or reduced price lunch,2016-17,9581,2951,2597,2148,1885,4706,49.1%,4875,50.9%,1182,12.3%,1882,19.6,3234,33.8%,160,1.7%,3123,32.6%,No Data,No Data,No Data,No Data,No Data,No Data,No Data,No Data,No Data,No Data,No Data,No Data,No Data,No Data,No Data,No Data,No Data,No Data,No Data,No Data,2164,479,22.1%,837,38.7,575,26.6%,273,12.6%,848,39.2%,1842,739,40.1,698,37.9%,250,13.6%,155,8.4%,405,22.0%
31,Reside in temporary housing,2016-17,623,218,174,123,108,311,49.9%,312,50.1%,53,8.5%,196,31.5,215,34.5%,10,1.6%,149,23.9%,No Data,No Data,No Data,No Data,No Data,No Data,No Data,No Data,No Data,No Data,No Data,No Data,No Data,No Data,No Data,No Data,No Data,No Data,No Data,No Data,106,34,32.1%,51,48.1,s,s,s,s,s,s,99,45,45.5,35,35.4%,12,12.1%,7,7.1%,19,19.2%
31,Students with Disabilities,2016-17,3604,1169,980,820,635,1302,36.1%,2302,63.9%,88,2.4%,716,19.9,1234,34.2%,56,1.6%,1510,41.9%,No Data,No Data,No Data,No Data,No Data,No Data,No Data,No Data,No Data,No Data,No Data,No Data,No Data,No Data,No Data,No Data,No Data,No Data,No Data,No Data,830,412,49.6%,323,38.9,85,10.2%,10,1.2%,95,11.4%,777,504,64.9,231,29.7%,34,4.4%,8,1.0%,42,5.4%
32,All Students,2016-17,2406,623,781,539,463,1142,47.5%,1264,52.5%,47,2.0%,481,20,1794,74.6%,21,0.9%,63,2.6%,No Data,No Data,No Data,No Data,No Data,No Data,No Data,No Data,No Data,No Data,No Data,No Data,No Data,No Data,No Data,No Data,No Data,No Data,No Data,No Data,394,140,35.5%,164,41.6,64,16.2%,26,6.6%,90,22.8%,338,208,61.5,109,32.2%,s,s,s,s,s,s
32,English Language Learners,2016-17,534,180,143,131,80,226,42.3%,308,57.7%,14,2.6%,s,,498,93.3%,s,s,11,2.1%,502,94.0%,s,s,s,s,25,4.7%,s,s,s,s,s,s,s,s,s,s,s,s,72,61,84.7%,11,15.3,s,s,s,s,s,s,86,67,77.9,19,22.1%,s,s,s,s,s,s
32,Enrolled over the Counter,2016-17,374,81,214,57,22,200,53.5%,174,46.5%,s,s,89,23.8,260,69.5%,s,s,15,4.0%,No Data,No Data,No Data,No Data,No Data,No Data,No Data,No Data,No Data,No Data,No Data,No Data,No Data,No Data,No Data,No Data,No Data,No Data,No Data,No Data,13,s,s,8,61.5,s,s,s,s,s,s,14,7,50,7,50.0%,s,s,s,s,s,s
32,Receive free or reduced price lunch,2016-17,2304,597,757,512,438,1092,47.4%,1212,52.6%,43,1.9%,445,19.3,1737,75.4%,19,0.8%,60,2.6%,No Data,No Data,No Data,No Data,No Data,No Data,No Data,No Data,No Data,No Data,No Data,No Data,No Data,No Data,No Data,No Data,No Data,No Data,No Data,No Data,380,137,36.1%,160,42.1,60,15.8%,23,6.1%,83,21.8%,328,202,61.6,107,32.6%,s,s,s,s,s,s
32,Reside in temporary housing,2016-17,259,74,86,57,42,123,47.5%,136,52.5%,s,s,52,20.1,195,75.3%,s,s,6,2.3%,No Data,No Data,No Data,No Data,No Data,No Data,No Data,No Data,No Data,No Data,No Data,No Data,No Data,No Data,No Data,No Data,No Data,No Data,No Data,No Data,40,17,42.5%,15,37.5,s,s,s,s,s,s,38,23,60.5,15,39.5%,s,s,s,s,s,s
32,Students with Disabilities,2016-17,497,134,170,102,91,160,32.2%,337,67.8%,s,s,122,24.5,359,72.2%,s,s,11,2.2%,No Data,No Data,No Data,No Data,No Data,No Data,No Data,No Data,No Data,No Data,No Data,No Data,No Data,No Data,No Data,No Data,No Data,No Data,No Data,No Data,84,60,71.4%,23,27.4,s,s,s,s,s,s,84,68,81,16,19.0%,s,s,s,s,s,s
